epoch,MeanSquaredError,lambda,loss,val_MeanSquaredError,val_lambda,val_loss
0,0.0043508377857506275,0.0014170462964102626,0.0014170462964102626,0.0011849814327433705,0.00039488659240305424,0.00039488659240305424
1,0.0005476783844642341,0.00018671165162231773,0.00018671165162231773,0.0003024600737262517,0.00010597712389426306,0.00010597712389426306
2,0.0002212993858847767,7.740576256765053e-05,7.740576256765053e-05,0.00020145205780863762,6.991098780417815e-05,6.991098780417815e-05
3,0.00015065235493239015,5.289792170515284e-05,5.289792170515284e-05,0.0001574987400090322,5.726566450903192e-05,5.726566450903192e-05
4,0.00012130394316045567,4.248008917784318e-05,4.248008917784318e-05,0.0001225040905410424,4.302391243982129e-05,4.302391243982129e-05
5,9.039133874466643e-05,3.208535781595856e-05,3.208535781595856e-05,9.12234463612549e-05,3.252797250752337e-05,3.252797250752337e-05
6,8.300491754198447e-05,2.9368206014623865e-05,2.9368206014623865e-05,8.782174700172618e-05,3.099146852036938e-05,3.099146852036938e-05
7,7.614939386257902e-05,2.6942079784930684e-05,2.6942079784930684e-05,9.988909732783213e-05,3.41709928761702e-05,3.41709928761702e-05
8,6.148736429167911e-05,2.2105097741587088e-05,2.2105097741587088e-05,9.564194624545053e-05,3.2879346690606326e-05,3.2879346690606326e-05
9,5.846211206517182e-05,2.0998411855543964e-05,2.0998411855543964e-05,6.838031549705192e-05,2.4491971998941153e-05,2.4491971998941153e-05
10,4.9853071686811745e-05,1.8153974451706745e-05,1.8153974451706745e-05,8.45208705868572e-05,2.8912243578815833e-05,2.8912243578815833e-05
11,4.779268419952132e-05,1.7406009646947496e-05,1.7406009646947496e-05,5.61292763450183e-05,2.0203415260766633e-05,2.0203415260766633e-05
12,4.222623465466313e-05,1.5557772712782025e-05,1.5557772712782025e-05,4.559521403280087e-05,1.6882537238416262e-05,1.6882537238416262e-05
13,4.09503627452068e-05,1.5086258827068377e-05,1.5086258827068377e-05,4.6524310164386407e-05,1.7058986486517824e-05,1.7058986486517824e-05
14,3.69190784113016e-05,1.3748317542194854e-05,1.3748317542194854e-05,4.160163734923117e-05,1.541971869301051e-05,1.541971869301051e-05
15,3.6269149859435856e-05,1.3486610441759694e-05,1.3486610441759694e-05,5.050260733696632e-05,1.814454299164936e-05,1.814454299164936e-05
16,3.352468411321752e-05,1.2565404176712036e-05,1.2565404176712036e-05,4.0500661270925775e-05,1.4962944078433793e-05,1.4962944078433793e-05
17,3.280072269262746e-05,1.2299229638301767e-05,1.2299229638301767e-05,3.977052983827889e-05,1.4746304259460885e-05,1.4746304259460885e-05
18,3.085526986978948e-05,1.1642529898381326e-05,1.1642529898381326e-05,4.483317388803698e-05,1.6165486158570275e-05,1.6165486158570275e-05
19,3.0412988053285517e-05,1.146978229371598e-05,1.146978229371598e-05,3.708809526870027e-05,1.3794641745334957e-05,1.3794641745334957e-05
20,2.8982512958464213e-05,1.0984083928633481e-05,1.0984083928633481e-05,3.8348262023646384e-05,1.4083989299251698e-05,1.4083989299251698e-05
21,2.853237310773693e-05,1.081692516891053e-05,1.081692516891053e-05,3.482514148345217e-05,1.2991858966415748e-05,1.2991858966415748e-05
22,2.7458234399091452e-05,1.0454817129357252e-05,1.0454817129357252e-05,3.387056858628057e-05,1.2658046216529328e-05,1.2658046216529328e-05
23,2.725335070863366e-05,1.037052697938634e-05,1.037052697938634e-05,3.265628038207069e-05,1.2254743523953948e-05,1.2254743523953948e-05
24,2.6381101633887738e-05,1.0076404578285292e-05,1.0076404578285292e-05,3.327520244056359e-05,1.2421955943864305e-05,1.2421955943864305e-05
25,2.6178955522482283e-05,9.998856512538623e-06,9.998856512538623e-06,3.9145998016465455e-05,1.4165789252729155e-05,1.4165789252729155e-05
26,2.5594999897293746e-05,9.799547115107998e-06,9.799547115107998e-06,3.1966541428118944e-05,1.1985861419816501e-05,1.1985861419816501e-05
27,2.5425235435250215e-05,9.733458682603668e-06,9.733458682603668e-06,3.108645250904374e-05,1.1709017599059734e-05,1.1709017599059734e-05
28,2.496162233001087e-05,9.575744115863927e-06,9.575744115863927e-06,3.115473373327404e-05,1.170806626760168e-05,1.170806626760168e-05
29,2.482157105987426e-05,9.524424967821687e-06,9.524424967821687e-06,3.196956095052883e-05,1.1955805348407011e-05,1.1955805348407011e-05
30,2.4455119273625314e-05,9.399034752277657e-06,9.399034752277657e-06,3.0252775104600005e-05,1.1422454917919822e-05,1.1422454917919822e-05
31,2.4350079911528155e-05,9.359549949294887e-06,9.359549949294887e-06,3.1265648431144655e-05,1.1727357559720986e-05,1.1727357559720986e-05
32,2.4080989533104002e-05,9.26779284782242e-06,9.26779284782242e-06,3.0031349524506368e-05,1.133059231506195e-05,1.133059231506195e-05
33,2.3995207811822183e-05,9.235476682079025e-06,9.235476682079025e-06,2.9776469091302715e-05,1.1243936569371726e-05,1.1243936569371726e-05
34,2.3786014935467392e-05,9.163600225292612e-06,9.163600225292612e-06,2.9629482014570385e-05,1.1191284102096688e-05,1.1191284102096688e-05
35,2.3716311261523515e-05,9.13803160074167e-06,9.13803160074167e-06,2.9414708478725515e-05,1.1124367119919043e-05,1.1124367119919043e-05
36,2.3555232473881915e-05,9.082881661015563e-06,9.082881661015563e-06,2.9456841730279848e-05,1.1132652616652194e-05,1.1132652616652194e-05
37,2.350696195208002e-05,9.064671758096665e-06,9.064671758096665e-06,2.9509257728932425e-05,1.114614224206889e-05,1.114614224206889e-05
38,2.337959267606493e-05,9.020749530463945e-06,9.020749530463945e-06,2.907554699049797e-05,1.1005246960849036e-05,1.1005246960849036e-05
39,2.3331724150921218e-05,9.003405466501135e-06,9.003405466501135e-06,2.9224718673503958e-05,1.1048908163502347e-05,1.1048908163502347e-05
40,2.3241524104378186e-05,8.972314390121028e-06,8.972314390121028e-06,2.9076263672322966e-05,1.0997568097081967e-05,1.0997568097081967e-05
41,2.3209717255667783e-05,8.960582817962859e-06,8.960582817962859e-06,2.9044400434941053e-05,1.0986864253936801e-05,1.0986864253936801e-05
42,2.3129261535359547e-05,8.932973287301138e-06,8.932973287301138e-06,2.8997461413382553e-05,1.0971210031129885e-05,1.0971210031129885e-05
43,2.310967283847276e-05,8.925703696149867e-06,8.925703696149867e-06,2.9076785722281784e-05,1.0991838280460797e-05,1.0991838280460797e-05
44,2.3051214157021604e-05,8.90531919139903e-06,8.90531919139903e-06,2.8813567041652277e-05,1.091024842025945e-05,1.091024842025945e-05
45,2.303054861840792e-05,8.897741281543858e-06,8.897741281543858e-06,2.893937380576972e-05,1.095017978514079e-05,1.095017978514079e-05
46,2.2985730538493954e-05,8.882489055395126e-06,8.882489055395126e-06,2.8825370463891886e-05,1.0910821401921567e-05,1.0910821401921567e-05
47,2.2973126760916784e-05,8.877382242644671e-06,8.877382242644671e-06,2.8972588552278467e-05,1.0959619430650491e-05,1.0959619430650491e-05
48,2.293574289069511e-05,8.864927622198593e-06,8.864927622198593e-06,2.8802603992517106e-05,1.0902500434895046e-05,1.0902500434895046e-05
49,2.2927533791516908e-05,8.861528840498067e-06,8.861528840498067e-06,2.878925261029508e-05,1.0897786523855757e-05,1.0897786523855757e-05
50,2.2899896066519432e-05,8.85217832546914e-06,8.85217832546914e-06,2.8770748031092808e-05,1.0891640158661176e-05,1.0891640158661176e-05
51,2.2892658307682723e-05,8.84942892298568e-06,8.84942892298568e-06,2.8701646442641504e-05,1.0869610377994832e-05,1.0869610377994832e-05
52,2.288692121510394e-05,8.847147000778932e-06,8.847147000778932e-06,2.8728441975545138e-05,1.0876759006350767e-05,1.0876759006350767e-05
53,2.2878235540702008e-05,8.844048352329992e-06,8.844048352329992e-06,2.874821439036168e-05,1.088212138711242e-05,1.088212138711242e-05
54,2.2873115085531026e-05,8.841852832119912e-06,8.841852832119912e-06,2.8703518182737753e-05,1.0867614946619142e-05,1.0867614946619142e-05
55,2.286169728904497e-05,8.837853783916216e-06,8.837853783916216e-06,2.8739706976921298e-05,1.0878386092372239e-05,1.0878386092372239e-05
56,2.285484515596181e-05,8.835153494146653e-06,8.835153494146653e-06,2.8723576178890653e-05,1.0873524843191262e-05,1.0873524843191262e-05
57,2.2846594220027328e-05,8.83198663359508e-06,8.83198663359508e-06,2.8657130314968526e-05,1.0852345440071076e-05,1.0852345440071076e-05
58,2.283977300976403e-05,8.829492799122818e-06,8.829492799122818e-06,2.8738868422806263e-05,1.0877071872528177e-05,1.0877071872528177e-05
59,2.282986133650411e-05,8.82595941220643e-06,8.82595941220643e-06,2.864179441530723e-05,1.0845944416359998e-05,1.0845944416359998e-05
60,2.2824515326647088e-05,8.823734788165893e-06,8.823734788165893e-06,2.8657079383265227e-05,1.0851161277969368e-05,1.0851161277969368e-05
61,2.2816793716629036e-05,8.82091171661159e-06,8.82091171661159e-06,2.867755392799154e-05,1.0856913831958082e-05,1.0856913831958082e-05
62,2.2808804715168662e-05,8.817743037070613e-06,8.817743037070613e-06,2.8651773391175084e-05,1.0847003977687564e-05,1.0847003977687564e-05
63,2.280232911289204e-05,8.815409273665864e-06,8.815409273665864e-06,2.8668386221397668e-05,1.085268559108954e-05,1.085268559108954e-05
64,2.2795340555603616e-05,8.812763553578407e-06,8.812763553578407e-06,2.861567736545112e-05,1.0834729437192436e-05,1.0834729437192436e-05
65,2.2786054614698514e-05,8.80931293067988e-06,8.80931293067988e-06,2.860957829398103e-05,1.0833776286744978e-05,1.0833776286744978e-05
66,2.2777559934183955e-05,8.806098776403815e-06,8.806098776403815e-06,2.8661479518632405e-05,1.0849593309103511e-05,1.0849593309103511e-05
67,2.2770973373553716e-05,8.803558557701763e-06,8.803558557701763e-06,2.870796924980823e-05,1.0863465831789654e-05,1.0863465831789654e-05
68,2.276281884405762e-05,8.800629984762054e-06,8.800629984762054e-06,2.8567572371684946e-05,1.0819404451467562e-05,1.0819404451467562e-05
69,2.2756177713745274e-05,8.797927876003087e-06,8.797927876003087e-06,2.8598340577445924e-05,1.0827565347426571e-05,1.0827565347426571e-05
70,2.2749725758330896e-05,8.795516805548687e-06,8.795516805548687e-06,2.85619062196929e-05,1.0816173926286865e-05,1.0816173926286865e-05
71,2.2742040528100915e-05,8.79271283338312e-06,8.79271283338312e-06,2.8571404982358217e-05,1.0818938790180255e-05,1.0818938790180255e-05
72,2.2733514924766496e-05,8.789468665781897e-06,8.789468665781897e-06,2.8577667762874626e-05,1.0818917871802114e-05,1.0818917871802114e-05
73,2.2727090254193172e-05,8.786939361016266e-06,8.786939361016266e-06,2.8545699024107307e-05,1.0808472325152252e-05,1.0808472325152252e-05
74,2.2717131287208758e-05,8.78335049492307e-06,8.78335049492307e-06,2.856017636077013e-05,1.0812723303388339e-05,1.0812723303388339e-05
75,2.2712003556080163e-05,8.781310498306993e-06,8.781310498306993e-06,2.8553060474223457e-05,1.0810192179633304e-05,1.0810192179633304e-05
76,2.270362529088743e-05,8.778269148024265e-06,8.778269148024265e-06,2.8552956791827455e-05,1.0809082596097142e-05,1.0809082596097142e-05
77,2.2697018721373752e-05,8.775601600063965e-06,8.775601600063965e-06,2.8516302336356603e-05,1.0797619324875996e-05,1.0797619324875996e-05
78,2.268937896587886e-05,8.772723049332853e-06,8.772723049332853e-06,2.856425089703407e-05,1.081186746887397e-05,1.081186746887397e-05
79,2.268208481837064e-05,8.76998728926992e-06,8.76998728926992e-06,2.8498861865955405e-05,1.0790943633764982e-05,1.0790943633764982e-05
80,2.2675407308270223e-05,8.76752983458573e-06,8.76752983458573e-06,2.8516902602859773e-05,1.0796525202749763e-05,1.0796525202749763e-05
81,2.2666317818220705e-05,8.764081940171309e-06,8.764081940171309e-06,2.852653960871976e-05,1.0798435141623486e-05,1.0798435141623486e-05
82,2.266045703436248e-05,8.761670869716909e-06,8.761670869716909e-06,2.847776522685308e-05,1.0784464393509552e-05,1.0784464393509552e-05
83,2.2650625396636315e-05,8.758185686019715e-06,8.758185686019715e-06,2.8524627850856632e-05,1.079675985238282e-05,1.079675985238282e-05
84,2.26446663873503e-05,8.7558692030143e-06,8.7558692030143e-06,2.846830102498643e-05,1.0780382581287995e-05,1.0780382581287995e-05
85,2.263803980895318e-05,8.75339719641488e-06,8.75339719641488e-06,2.850649798347149e-05,1.0790242413349915e-05,1.0790242413349915e-05
86,2.2630423700320534e-05,8.750397682888433e-06,8.750397682888433e-06,2.848672738764435e-05,1.0783654033730272e-05,1.0783654033730272e-05
87,2.2625621568295173e-05,8.748449545237236e-06,8.748449545237236e-06,2.842395770130679e-05,1.076347689377144e-05,1.076347689377144e-05
88,2.2614494810113683e-05,8.744543265493121e-06,8.744543265493121e-06,2.840718298102729e-05,1.0757386917248368e-05,1.0757386917248368e-05
89,2.2604723199037835e-05,8.740876182855573e-06,8.740876182855573e-06,2.8449650926631875e-05,1.0771866072900593e-05,1.0771866072900593e-05
90,2.2603973775403574e-05,8.74021316121798e-06,8.74021316121798e-06,2.8407192075974308e-05,1.0757167729025241e-05,1.0757167729025241e-05
91,2.2592766981688328e-05,8.736300515010953e-06,8.736300515010953e-06,2.8433327315724455e-05,1.0764618309622165e-05,1.0764618309622165e-05
92,2.2587131752516143e-05,8.734012226341292e-06,8.734012226341292e-06,2.8417662178981118e-05,1.0760037184809335e-05,1.0760037184809335e-05
93,2.2578433345188387e-05,8.730931767786387e-06,8.730931767786387e-06,2.837687497958541e-05,1.0746732186817098e-05,1.0746732186817098e-05
94,2.2572323359781876e-05,8.728366992727388e-06,8.728366992727388e-06,2.8405935154296458e-05,1.0755998118838761e-05,1.0755998118838761e-05
95,2.2563472157344222e-05,8.725371117179748e-06,8.725371117179748e-06,2.83722019958077e-05,1.0744987775979098e-05,1.0744987775979098e-05
96,2.255750587210059e-05,8.7228327174671e-06,8.7228327174671e-06,2.8368909624987282e-05,1.0741507139755413e-05,1.0741507139755413e-05
97,2.2549997083842754e-05,8.720158803043887e-06,8.720158803043887e-06,2.8352178560453467e-05,1.07365249277791e-05,1.07365249277791e-05
98,2.2542908482137136e-05,8.71744123287499e-06,8.71744123287499e-06,2.8382481104927137e-05,1.0744663995865267e-05,1.0744663995865267e-05
99,2.253459933854174e-05,8.714293471712153e-06,8.714293471712153e-06,2.8335252864053473e-05,1.0729349014582112e-05,1.0729349014582112e-05
